row_name,N,ratio,strategy
1,10,1.0548,CKPTEACHTASK
2,10,1.1251,CKPTEACHTASK
3,10,1.0033,CKPTEACHTASK
4,10,1.0035,CKPTEACHTASK
5,10,1.0173,CKPTEACHTASK
6,10,1.0855,CKPTEACHTASK
7,10,1.0235,CKPTEACHTASK
8,10,1.0376,CKPTEACHTASK
9,10,1.0548,CKPTEACHTASK
10,10,1.0596,CKPTEACHTASK
11,10,1.0624,CKPTEACHTASK
12,10,1.0035,CKPTEACHTASK
13,10,1.0167,CKPTEACHTASK
14,10,1.0355,CKPTEACHTASK
15,10,1.0426,CKPTEACHTASK
16,10,1.0197,CKPTEACHTASK
17,10,1.0284,CKPTEACHTASK
18,10,1.0339,CKPTEACHTASK
19,10,1.0438,CKPTEACHTASK
20,10,1.0539,CKPTEACHTASK
21,10,1.0192,CKPTEACHTASK
22,10,1.0033,CKPTEACHTASK
23,10,1.0133,CKPTEACHTASK
24,10,1.022,CKPTEACHTASK
25,10,1.0035,CKPTEACHTASK
26,10,1.0559,CKPTEACHTASK
27,10,1.0005,CKPTEACHTASK
28,10,1.0307,CKPTEACHTASK
29,10,1.0094,CKPTEACHTASK
30,10,1.0085,CKPTEACHTASK
31,10,1.0281,CKPTEACHTASK
32,10,1.0034,CKPTEACHTASK
33,10,1.0097,CKPTEACHTASK
34,10,1.0862,CKPTEACHTASK
35,10,1.0478,CKPTEACHTASK
36,10,1.0036,CKPTEACHTASK
37,10,1.0718,CKPTEACHTASK
38,10,1.0372,CKPTEACHTASK
39,10,1.0854,CKPTEACHTASK
40,10,1.0099,CKPTEACHTASK
41,10,1.0769,CKPTEACHTASK
42,10,1.0233,CKPTEACHTASK
43,10,1.0132,CKPTEACHTASK
44,10,1.0451,CKPTEACHTASK
45,10,1.0359,CKPTEACHTASK
46,10,1.0086,CKPTEACHTASK
47,10,1.0103,CKPTEACHTASK
48,10,1.0233,CKPTEACHTASK
49,10,1.0725,CKPTEACHTASK
50,10,1.0658,CKPTEACHTASK
51,10,1.022,CKPTEACHTASK
52,10,1.0845,CKPTEACHTASK
53,10,1.0135,CKPTEACHTASK
54,10,1.005,CKPTEACHTASK
55,10,1.0035,CKPTEACHTASK
56,10,1.0131,CKPTEACHTASK
57,10,0.93197,CKPTEACHTASK
58,10,1.0496,CKPTEACHTASK
59,10,1.0513,CKPTEACHTASK
60,10,1.0169,CKPTEACHTASK
61,10,0.92868,CKPTEACHTASK
62,10,1.002,CKPTEACHTASK
63,10,1.0174,CKPTEACHTASK
64,10,1.0073,CKPTEACHTASK
65,10,1.0832,CKPTEACHTASK
66,10,1.0294,CKPTEACHTASK
67,10,1.0331,CKPTEACHTASK
68,10,0.92364,CKPTEACHTASK
69,10,1.092,CKPTEACHTASK
70,10,1.0616,CKPTEACHTASK
71,10,1.0355,CKPTEACHTASK
72,10,1.0272,CKPTEACHTASK
73,10,0.98039,CKPTEACHTASK
74,10,1.058,CKPTEACHTASK
75,10,1.0287,CKPTEACHTASK
76,10,1.0349,CKPTEACHTASK
77,10,1.1005,CKPTEACHTASK
78,10,1.0527,CKPTEACHTASK
79,10,1.0199,CKPTEACHTASK
80,10,1.0482,CKPTEACHTASK
81,10,1.0187,CKPTEACHTASK
82,10,1.068,CKPTEACHTASK
83,10,0.97463,CKPTEACHTASK
84,10,1.1975,CKPTEACHTASK
85,10,1.0196,CKPTEACHTASK
86,10,1.0246,CKPTEACHTASK
87,10,1.0807,CKPTEACHTASK
88,10,1.0035,CKPTEACHTASK
89,10,1.0401,CKPTEACHTASK
90,10,1.0546,CKPTEACHTASK
91,10,1.0117,CKPTEACHTASK
92,10,1.039,CKPTEACHTASK
93,10,1.0191,CKPTEACHTASK
94,10,1.033,CKPTEACHTASK
95,10,1.0414,CKPTEACHTASK
96,10,1.1292,CKPTEACHTASK
97,10,1.0227,CKPTEACHTASK
98,10,1.0035,CKPTEACHTASK
99,10,1.0268,CKPTEACHTASK
100,10,1.041,CKPTEACHTASK
101,10,1.0676,CKPTYDPER
102,10,1.1719,CKPTYDPER
103,10,1.1076,CKPTYDPER
104,10,1.1162,CKPTYDPER
105,10,1.1129,CKPTYDPER
106,10,1.2154,CKPTYDPER
107,10,1.2045,CKPTYDPER
108,10,1.1432,CKPTYDPER
109,10,1.0676,CKPTYDPER
110,10,1.3351,CKPTYDPER
111,10,1.0802,CKPTYDPER
112,10,1.1159,CKPTYDPER
113,10,1.2778,CKPTYDPER
114,10,1.0192,CKPTYDPER
115,10,1.2455,CKPTYDPER
116,10,1.1987,CKPTYDPER
117,10,1.1075,CKPTYDPER
118,10,1.4524,CKPTYDPER
119,10,1.1165,CKPTYDPER
120,10,1.0987,CKPTYDPER
121,10,1.1279,CKPTYDPER
122,10,1.217,CKPTYDPER
123,10,1.3371,CKPTYDPER
124,10,1.1898,CKPTYDPER
125,10,1.2032,CKPTYDPER
126,10,1.1764,CKPTYDPER
127,10,1.167,CKPTYDPER
128,10,1.1218,CKPTYDPER
129,10,1.3271,CKPTYDPER
130,10,1.1134,CKPTYDPER
131,10,1.3409,CKPTYDPER
132,10,1.1122,CKPTYDPER
133,10,1.2582,CKPTYDPER
134,10,1.0969,CKPTYDPER
135,10,1.2397,CKPTYDPER
136,10,1.132,CKPTYDPER
137,10,1.3209,CKPTYDPER
138,10,1.1157,CKPTYDPER
139,10,1.2362,CKPTYDPER
140,10,1.2702,CKPTYDPER
141,10,1.2854,CKPTYDPER
142,10,1.4752,CKPTYDPER
143,10,1.2828,CKPTYDPER
144,10,1.1187,CKPTYDPER
145,10,1.1639,CKPTYDPER
146,10,1.0249,CKPTYDPER
147,10,1.3091,CKPTYDPER
148,10,1.2779,CKPTYDPER
149,10,1.0764,CKPTYDPER
150,10,1.1174,CKPTYDPER
151,10,1.3233,CKPTYDPER
152,10,1.3774,CKPTYDPER
153,10,1.1114,CKPTYDPER
154,10,1.3269,CKPTYDPER
155,10,1.1843,CKPTYDPER
156,10,1.2994,CKPTYDPER
157,10,1.1088,CKPTYDPER
158,10,1.1209,CKPTYDPER
159,10,1.162,CKPTYDPER
160,10,1.2871,CKPTYDPER
161,10,1.1647,CKPTYDPER
162,10,1.1604,CKPTYDPER
163,10,1.2017,CKPTYDPER
164,10,1.0711,CKPTYDPER
165,10,1.2458,CKPTYDPER
166,10,1.1195,CKPTYDPER
167,10,1.1124,CKPTYDPER
168,10,1.1001,CKPTYDPER
169,10,1.1692,CKPTYDPER
170,10,1.1153,CKPTYDPER
171,10,1.1728,CKPTYDPER
172,10,1.1763,CKPTYDPER
173,10,1.4847,CKPTYDPER
174,10,1.3477,CKPTYDPER
175,10,1.0931,CKPTYDPER
176,10,1.1822,CKPTYDPER
177,10,1.1106,CKPTYDPER
178,10,1.2133,CKPTYDPER
179,10,1.1259,CKPTYDPER
180,10,1.4283,CKPTYDPER
181,10,1.2692,CKPTYDPER
182,10,1.2257,CKPTYDPER
183,10,1.2611,CKPTYDPER
184,10,1.2219,CKPTYDPER
185,10,1.0233,CKPTYDPER
186,10,1.1144,CKPTYDPER
187,10,1.4143,CKPTYDPER
188,10,1.2495,CKPTYDPER
189,10,1.2525,CKPTYDPER
190,10,1.2131,CKPTYDPER
191,10,1.2828,CKPTYDPER
192,10,1.1137,CKPTYDPER
193,10,1.1556,CKPTYDPER
194,10,1.2993,CKPTYDPER
195,10,1.2965,CKPTYDPER
196,10,1.4947,CKPTYDPER
197,10,1.1863,CKPTYDPER
198,10,1.2005,CKPTYDPER
199,10,1.1915,CKPTYDPER
200,10,1.1239,CKPTYDPER
201,10,0.99077,CKPTEACHITER
202,10,1.1745,CKPTEACHITER
203,10,1.0251,CKPTEACHITER
204,10,1.0271,CKPTEACHITER
205,10,1.0263,CKPTEACHITER
206,10,1.1111,CKPTEACHITER
207,10,1.1139,CKPTEACHITER
208,10,1.0248,CKPTEACHITER
209,10,0.99077,CKPTEACHITER
210,10,1.1614,CKPTEACHITER
211,10,1.0817,CKPTEACHITER
212,10,1.027,CKPTEACHITER
213,10,1.1952,CKPTEACHITER
214,10,1.0235,CKPTEACHITER
215,10,1.2462,CKPTEACHITER
216,10,1.026,CKPTEACHITER
217,10,1.0228,CKPTEACHITER
218,10,1.0941,CKPTEACHITER
219,10,1.1179,CKPTEACHITER
220,10,1.0221,CKPTEACHITER
221,10,1.0253,CKPTEACHITER
222,10,1.2177,CKPTEACHITER
223,10,1.1705,CKPTEACHITER
224,10,1.0899,CKPTEACHITER
225,10,1.0268,CKPTEACHITER
226,10,1.081,CKPTEACHITER
227,10,1.0716,CKPTEACHITER
228,10,1.0284,CKPTEACHITER
229,10,1.2452,CKPTEACHITER
230,10,1.026,CKPTEACHITER
231,10,1.2124,CKPTEACHITER
232,10,1.1135,CKPTEACHITER
233,10,1.1663,CKPTEACHITER
234,10,1.099,CKPTEACHITER
235,10,1.2411,CKPTEACHITER
236,10,1.0276,CKPTEACHITER
237,10,1.2245,CKPTEACHITER
238,10,1.1201,CKPTEACHITER
239,10,1.237,CKPTEACHITER
240,10,1.0721,CKPTEACHITER
241,10,1.1014,CKPTEACHITER
242,10,1.2742,CKPTEACHITER
243,10,1.199,CKPTEACHITER
244,10,1.1213,CKPTEACHITER
245,10,1.0275,CKPTEACHITER
246,10,1.0262,CKPTEACHITER
247,10,1.2161,CKPTEACHITER
248,10,1.1877,CKPTEACHITER
249,10,1.0784,CKPTEACHITER
250,10,1.1206,CKPTEACHITER
251,10,1.2369,CKPTEACHITER
252,10,1.1975,CKPTEACHITER
253,10,1.0251,CKPTEACHITER
254,10,1.1618,CKPTEACHITER
255,10,1.1856,CKPTEACHITER
256,10,1.2146,CKPTEACHITER
257,10,1.0254,CKPTEACHITER
258,10,1.0282,CKPTEACHITER
259,10,1.1633,CKPTEACHITER
260,10,1.1127,CKPTEACHITER
261,10,1.0839,CKPTEACHITER
262,10,1.0731,CKPTEACHITER
263,10,1.1151,CKPTEACHITER
264,10,0.98072,CKPTEACHITER
265,10,1.0023,CKPTEACHITER
266,10,1.0269,CKPTEACHITER
267,10,1.1154,CKPTEACHITER
268,10,1.0229,CKPTEACHITER
269,10,1.173,CKPTEACHITER
270,10,1.0201,CKPTEACHITER
271,10,0.9982,CKPTEACHITER
272,10,1.09,CKPTEACHITER
273,10,1.403,CKPTEACHITER
274,10,1.2591,CKPTEACHITER
275,10,1.095,CKPTEACHITER
276,10,1.0927,CKPTEACHITER
277,10,1.1125,CKPTEACHITER
278,10,1.1216,CKPTEACHITER
279,10,1.1267,CKPTEACHITER
280,10,1.2565,CKPTEACHITER
281,10,1.1806,CKPTEACHITER
282,10,1.134,CKPTEACHITER
283,10,1.1094,CKPTEACHITER
284,10,1.0283,CKPTEACHITER
285,10,1.0259,CKPTEACHITER
286,10,1.1181,CKPTEACHITER
287,10,1.3258,CKPTEACHITER
288,10,1.1161,CKPTEACHITER
289,10,1.1583,CKPTEACHITER
290,10,1.214,CKPTEACHITER
291,10,1.1673,CKPTEACHITER
292,10,1.0204,CKPTEACHITER
293,10,1.0252,CKPTEACHITER
294,10,1.2067,CKPTEACHITER
295,10,1.1219,CKPTEACHITER
296,10,1.4966,CKPTEACHITER
297,10,1.187,CKPTEACHITER
298,10,1.1143,CKPTEACHITER
299,10,1.1025,CKPTEACHITER
300,10,1.0284,CKPTEACHITER
301,10,1.0342,CKPTYDAVE
302,10,1.0913,CKPTYDAVE
303,10,1.0083,CKPTYDAVE
304,10,1.009,CKPTYDAVE
305,10,1.0302,CKPTYDAVE
306,10,1.0914,CKPTYDAVE
307,10,1.0521,CKPTYDAVE
308,10,1.0267,CKPTYDAVE
309,10,1.0342,CKPTYDAVE
310,10,1.0159,CKPTYDAVE
311,10,1.0663,CKPTYDAVE
312,10,1.009,CKPTYDAVE
313,10,1.0291,CKPTYDAVE
314,10,1.0295,CKPTYDAVE
315,10,1.0904,CKPTYDAVE
316,10,1.0195,CKPTYDAVE
317,10,1.0246,CKPTYDAVE
318,10,1.0399,CKPTYDAVE
319,10,1.0539,CKPTYDAVE
320,10,1.0413,CKPTYDAVE
321,10,1.019,CKPTYDAVE
322,10,1.0083,CKPTYDAVE
323,10,1.0149,CKPTYDAVE
324,10,1.0313,CKPTYDAVE
325,10,1.0089,CKPTYDAVE
326,10,1.0617,CKPTYDAVE
327,10,1.0205,CKPTYDAVE
328,10,1.0326,CKPTYDAVE
329,10,1.0165,CKPTYDAVE
330,10,1.1053,CKPTYDAVE
331,10,1.0878,CKPTYDAVE
332,10,1.0087,CKPTYDAVE
333,10,1.0365,CKPTYDAVE
334,10,1.0881,CKPTYDAVE
335,10,1.1273,CKPTYDAVE
336,10,1.0092,CKPTYDAVE
337,10,1.0862,CKPTYDAVE
338,10,1.0264,CKPTYDAVE
339,10,1.1144,CKPTYDAVE
340,10,1.0173,CKPTYDAVE
341,10,1.0346,CKPTYDAVE
342,10,1.0331,CKPTYDAVE
343,10,1.0149,CKPTYDAVE
344,10,1.0161,CKPTYDAVE
345,10,1.0358,CKPTYDAVE
346,10,1.0122,CKPTYDAVE
347,10,1.0324,CKPTYDAVE
348,10,1.0063,CKPTYDAVE
349,10,1.0188,CKPTYDAVE
350,10,1.0699,CKPTYDAVE
351,10,1.0312,CKPTYDAVE
352,10,1.0836,CKPTYDAVE
353,10,1.0151,CKPTYDAVE
354,10,1.0143,CKPTYDAVE
355,10,1.0338,CKPTYDAVE
356,10,1.0148,CKPTYDAVE
357,10,1.0084,CKPTYDAVE
358,10,1.0595,CKPTYDAVE
359,10,1.0567,CKPTYDAVE
360,10,1.0552,CKPTYDAVE
361,10,0.92685,CKPTYDAVE
362,10,1.0709,CKPTYDAVE
363,10,1.0304,CKPTYDAVE
364,10,1.0285,CKPTYDAVE
365,10,1.0342,CKPTYDAVE
366,10,1.0162,CKPTYDAVE
367,10,1.0186,CKPTYDAVE
368,10,1.0106,CKPTYDAVE
369,10,1.0257,CKPTYDAVE
370,10,1.0374,CKPTYDAVE
371,10,1.0512,CKPTYDAVE
372,10,1.0347,CKPTYDAVE
373,10,1.0295,CKPTYDAVE
374,10,1.0617,CKPTYDAVE
375,10,1.0367,CKPTYDAVE
376,10,1.0504,CKPTYDAVE
377,10,1.1022,CKPTYDAVE
378,10,1.0743,CKPTYDAVE
379,10,1.0628,CKPTYDAVE
380,10,0.96492,CKPTYDAVE
381,10,1.0185,CKPTYDAVE
382,10,1.1381,CKPTYDAVE
383,10,1.0145,CKPTYDAVE
384,10,1.0368,CKPTYDAVE
385,10,1.0194,CKPTYDAVE
386,10,1.0452,CKPTYDAVE
387,10,1.1082,CKPTYDAVE
388,10,1.0089,CKPTYDAVE
389,10,1.0442,CKPTYDAVE
390,10,1.0544,CKPTYDAVE
391,10,1.0115,CKPTYDAVE
392,10,1.033,CKPTYDAVE
393,10,1.019,CKPTYDAVE
394,10,1.0449,CKPTYDAVE
395,10,1.0394,CKPTYDAVE
396,10,1.1348,CKPTYDAVE
397,10,1.0207,CKPTYDAVE
398,10,1.0088,CKPTYDAVE
399,10,1.0844,CKPTYDAVE
400,10,1.0369,CKPTYDAVE
401,32,1.0481,CKPTEACHTASK
402,32,1.0446,CKPTEACHTASK
403,32,1.0185,CKPTEACHTASK
404,32,1.0154,CKPTEACHTASK
405,32,1.0047,CKPTEACHTASK
406,32,1.0297,CKPTEACHTASK
407,32,1.0353,CKPTEACHTASK
408,32,1.0011,CKPTEACHTASK
409,32,1.0424,CKPTEACHTASK
410,32,1.044,CKPTEACHTASK
411,32,1.0761,CKPTEACHTASK
412,32,1.0429,CKPTEACHTASK
413,32,1.023,CKPTEACHTASK
414,32,1.011,CKPTEACHTASK
415,32,1.0316,CKPTEACHTASK
416,32,1.0497,CKPTEACHTASK
417,32,1.0406,CKPTEACHTASK
418,32,1.0118,CKPTEACHTASK
419,32,1.0397,CKPTEACHTASK
420,32,1.0625,CKPTEACHTASK
421,32,1.0011,CKPTEACHTASK
422,32,1.0699,CKPTEACHTASK
423,32,0.99663,CKPTEACHTASK
424,32,1.0342,CKPTEACHTASK
425,32,1.0231,CKPTEACHTASK
426,32,1.0383,CKPTEACHTASK
427,32,1.0175,CKPTEACHTASK
428,32,1.0441,CKPTEACHTASK
429,32,1.0306,CKPTEACHTASK
430,32,1.0025,CKPTEACHTASK
431,32,1.0031,CKPTEACHTASK
432,32,1.0324,CKPTEACHTASK
433,32,1.0381,CKPTEACHTASK
434,32,1.0516,CKPTEACHTASK
435,32,1.0052,CKPTEACHTASK
436,32,0.97391,CKPTEACHTASK
437,32,1.0507,CKPTEACHTASK
438,32,1.0325,CKPTEACHTASK
439,32,1.0645,CKPTEACHTASK
440,32,1.0128,CKPTEACHTASK
441,32,1.0522,CKPTEACHTASK
442,32,1.0646,CKPTEACHTASK
443,32,1.0011,CKPTEACHTASK
444,32,1.0652,CKPTEACHTASK
445,32,0.98888,CKPTEACHTASK
446,32,1.0314,CKPTEACHTASK
447,32,1.0077,CKPTEACHTASK
448,32,1.0568,CKPTEACHTASK
449,32,1.0336,CKPTEACHTASK
450,32,1.0326,CKPTEACHTASK
451,32,1.0224,CKPTEACHTASK
452,32,1.0386,CKPTEACHTASK
453,32,1.0372,CKPTEACHTASK
454,32,1.0357,CKPTEACHTASK
455,32,1.0384,CKPTEACHTASK
456,32,1.0011,CKPTEACHTASK
457,32,1.0255,CKPTEACHTASK
458,32,1.0027,CKPTEACHTASK
459,32,1.0576,CKPTEACHTASK
460,32,1.047,CKPTEACHTASK
461,32,0.9966,CKPTEACHTASK
462,32,1.0321,CKPTEACHTASK
463,32,1.0138,CKPTEACHTASK
464,32,1.016,CKPTEACHTASK
465,32,1.0392,CKPTEACHTASK
466,32,1.0036,CKPTEACHTASK
467,32,1.0553,CKPTEACHTASK
468,32,1.0164,CKPTEACHTASK
469,32,1.0669,CKPTEACHTASK
470,32,1.0314,CKPTEACHTASK
471,32,1.0327,CKPTEACHTASK
472,32,1.0041,CKPTEACHTASK
473,32,1.0073,CKPTEACHTASK
474,32,1.0618,CKPTEACHTASK
475,32,1.0486,CKPTEACHTASK
476,32,1.0502,CKPTEACHTASK
477,32,1.0251,CKPTEACHTASK
478,32,1.0489,CKPTEACHTASK
479,32,0.98286,CKPTEACHTASK
480,32,1.0589,CKPTEACHTASK
481,32,1.0504,CKPTEACHTASK
482,32,1.0572,CKPTEACHTASK
483,32,1.0212,CKPTEACHTASK
484,32,1.0699,CKPTEACHTASK
485,32,1.0348,CKPTEACHTASK
486,32,1.0444,CKPTEACHTASK
487,32,1.0485,CKPTEACHTASK
488,32,1.0339,CKPTEACHTASK
489,32,1.0438,CKPTEACHTASK
490,32,1.0555,CKPTEACHTASK
491,32,1.0312,CKPTEACHTASK
492,32,1.0184,CKPTEACHTASK
493,32,1.0346,CKPTEACHTASK
494,32,1.0243,CKPTEACHTASK
495,32,1.0373,CKPTEACHTASK
496,32,1.0811,CKPTEACHTASK
497,32,1.0359,CKPTEACHTASK
498,32,0.99346,CKPTEACHTASK
499,32,1.0011,CKPTEACHTASK
500,32,1.0058,CKPTEACHTASK
501,32,1.1128,CKPTYDPER
502,32,1.1131,CKPTYDPER
503,32,1.1383,CKPTYDPER
504,32,1.0885,CKPTYDPER
505,32,1.1163,CKPTYDPER
506,32,1.1432,CKPTYDPER
507,32,1.1593,CKPTYDPER
508,32,1.1294,CKPTYDPER
509,32,1.088,CKPTYDPER
510,32,1.246,CKPTYDPER
511,32,1.1274,CKPTYDPER
512,32,1.1208,CKPTYDPER
513,32,1.2182,CKPTYDPER
514,32,1.0367,CKPTYDPER
515,32,1.1973,CKPTYDPER
516,32,1.0867,CKPTYDPER
517,32,1.0479,CKPTYDPER
518,32,1.1683,CKPTYDPER
519,32,1.1017,CKPTYDPER
520,32,1.125,CKPTYDPER
521,32,1.141,CKPTYDPER
522,32,1.1958,CKPTYDPER
523,32,1.1428,CKPTYDPER
524,32,1.1248,CKPTYDPER
525,32,1.1706,CKPTYDPER
526,32,1.2055,CKPTYDPER
527,32,1.1953,CKPTYDPER
528,32,1.0797,CKPTYDPER
529,32,1.1731,CKPTYDPER
530,32,1.1112,CKPTYDPER
531,32,1.2111,CKPTYDPER
532,32,1.0523,CKPTYDPER
533,32,1.1202,CKPTYDPER
534,32,1.082,CKPTYDPER
535,32,1.1635,CKPTYDPER
536,32,1.13,CKPTYDPER
537,32,1.1384,CKPTYDPER
538,32,1.1464,CKPTYDPER
539,32,1.1886,CKPTYDPER
540,32,1.2337,CKPTYDPER
541,32,1.1321,CKPTYDPER
542,32,1.181,CKPTYDPER
543,32,1.2703,CKPTYDPER
544,32,1.092,CKPTYDPER
545,32,1.1195,CKPTYDPER
546,32,1.0786,CKPTYDPER
547,32,1.1717,CKPTYDPER
548,32,1.1567,CKPTYDPER
549,32,1.0829,CKPTYDPER
550,32,1.0816,CKPTYDPER
551,32,1.2116,CKPTYDPER
552,32,1.1245,CKPTYDPER
553,32,1.0688,CKPTYDPER
554,32,1.1712,CKPTYDPER
555,32,1.197,CKPTYDPER
556,32,1.2322,CKPTYDPER
557,32,1.0859,CKPTYDPER
558,32,1.0916,CKPTYDPER
559,32,1.1662,CKPTYDPER
560,32,1.2409,CKPTYDPER
561,32,1.1571,CKPTYDPER
562,32,1.1229,CKPTYDPER
563,32,1.0793,CKPTYDPER
564,32,1.1056,CKPTYDPER
565,32,1.1047,CKPTYDPER
566,32,1.1018,CKPTYDPER
567,32,1.0876,CKPTYDPER
568,32,1.1946,CKPTYDPER
569,32,1.0645,CKPTYDPER
570,32,1.0688,CKPTYDPER
571,32,1.1142,CKPTYDPER
572,32,1.154,CKPTYDPER
573,32,1.2014,CKPTYDPER
574,32,1.2383,CKPTYDPER
575,32,1.1003,CKPTYDPER
576,32,1.1176,CKPTYDPER
577,32,1.1136,CKPTYDPER
578,32,1.1151,CKPTYDPER
579,32,1.1968,CKPTYDPER
580,32,1.2565,CKPTYDPER
581,32,1.1542,CKPTYDPER
582,32,1.1712,CKPTYDPER
583,32,1.2087,CKPTYDPER
584,32,1.1335,CKPTYDPER
585,32,1.1359,CKPTYDPER
586,32,1.1758,CKPTYDPER
587,32,1.1203,CKPTYDPER
588,32,1.1736,CKPTYDPER
589,32,1.157,CKPTYDPER
590,32,1.0906,CKPTYDPER
591,32,1.1837,CKPTYDPER
592,32,1.0628,CKPTYDPER
593,32,1.0924,CKPTYDPER
594,32,1.1471,CKPTYDPER
595,32,1.1515,CKPTYDPER
596,32,1.2018,CKPTYDPER
597,32,1.0715,CKPTYDPER
598,32,1.1365,CKPTYDPER
599,32,1.2087,CKPTYDPER
600,32,1.0898,CKPTYDPER
601,32,1.0664,CKPTEACHITER
602,32,1.1135,CKPTEACHITER
603,32,1.1112,CKPTEACHITER
604,32,1.0367,CKPTEACHITER
605,32,1.089,CKPTEACHITER
606,32,1.1146,CKPTEACHITER
607,32,1.1311,CKPTEACHITER
608,32,1.0938,CKPTEACHITER
609,32,1.0595,CKPTEACHITER
610,32,1.2177,CKPTEACHITER
611,32,1.1279,CKPTEACHITER
612,32,1.0459,CKPTEACHITER
613,32,1.1915,CKPTEACHITER
614,32,1.0373,CKPTEACHITER
615,32,1.1976,CKPTEACHITER
616,32,1.0872,CKPTEACHITER
617,32,1.0007,CKPTEACHITER
618,32,1.141,CKPTEACHITER
619,32,1.1023,CKPTEACHITER
620,32,1.126,CKPTEACHITER
621,32,1.1139,CKPTEACHITER
622,32,1.251,CKPTEACHITER
623,32,1.1161,CKPTEACHITER
624,32,1.1533,CKPTEACHITER
625,32,1.171,CKPTEACHITER
626,32,1.1614,CKPTEACHITER
627,32,1.1696,CKPTEACHITER
628,32,1.0499,CKPTEACHITER
629,32,1.1467,CKPTEACHITER
630,32,1.0842,CKPTEACHITER
631,32,1.1839,CKPTEACHITER
632,32,1.0818,CKPTEACHITER
633,32,1.0917,CKPTEACHITER
634,32,1.083,CKPTEACHITER
635,32,1.1925,CKPTEACHITER
636,32,1.0892,CKPTEACHITER
637,32,1.1087,CKPTEACHITER
638,32,1.1468,CKPTEACHITER
639,32,1.1889,CKPTEACHITER
640,32,1.1976,CKPTEACHITER
641,32,1.103,CKPTEACHITER
642,32,1.1825,CKPTEACHITER
643,32,1.243,CKPTEACHITER
644,32,1.0926,CKPTEACHITER
645,32,1.0929,CKPTEACHITER
646,32,1.0794,CKPTEACHITER
647,32,1.1439,CKPTEACHITER
648,32,1.0655,CKPTEACHITER
649,32,1.0832,CKPTEACHITER
650,32,1.0824,CKPTEACHITER
651,32,1.1841,CKPTEACHITER
652,32,1.0964,CKPTEACHITER
653,32,1.0402,CKPTEACHITER
654,32,1.1437,CKPTEACHITER
655,32,1.1972,CKPTEACHITER
656,32,1.2059,CKPTEACHITER
657,32,1.0581,CKPTEACHITER
658,32,1.0644,CKPTEACHITER
659,32,1.1664,CKPTEACHITER
660,32,1.1547,CKPTEACHITER
661,32,1.1304,CKPTEACHITER
662,32,1.0958,CKPTEACHITER
663,32,1.0509,CKPTEACHITER
664,32,1.0768,CKPTEACHITER
665,32,1.076,CKPTEACHITER
666,32,1.0744,CKPTEACHITER
667,32,1.1176,CKPTEACHITER
668,32,1.1667,CKPTEACHITER
669,32,1.0668,CKPTEACHITER
670,32,1.023,CKPTEACHITER
671,32,1.0858,CKPTEACHITER
672,32,1.1274,CKPTEACHITER
673,32,1.1744,CKPTEACHITER
674,32,1.2392,CKPTEACHITER
675,32,1.1005,CKPTEACHITER
676,32,1.0881,CKPTEACHITER
677,32,1.1139,CKPTEACHITER
678,32,1.0845,CKPTEACHITER
679,32,1.1977,CKPTEACHITER
680,32,1.2263,CKPTEACHITER
681,32,1.1544,CKPTEACHITER
682,32,1.143,CKPTEACHITER
683,32,1.209,CKPTEACHITER
684,32,1.1057,CKPTEACHITER
685,32,1.1364,CKPTEACHITER
686,32,1.176,CKPTEACHITER
687,32,1.0931,CKPTEACHITER
688,32,1.1744,CKPTEACHITER
689,32,1.1281,CKPTEACHITER
690,32,1.1474,CKPTEACHITER
691,32,1.1564,CKPTEACHITER
692,32,1.0631,CKPTEACHITER
693,32,1.065,CKPTEACHITER
694,32,1.119,CKPTEACHITER
695,32,1.1192,CKPTEACHITER
696,32,1.2026,CKPTEACHITER
697,32,1.0719,CKPTEACHITER
698,32,1.1092,CKPTEACHITER
699,32,1.1808,CKPTEACHITER
700,32,1.0633,CKPTEACHITER
701,32,1.0437,CKPTYDAVE
702,32,1.0463,CKPTYDAVE
703,32,1.022,CKPTYDAVE
704,32,1.0213,CKPTYDAVE
705,32,1.0206,CKPTYDAVE
706,32,1.0385,CKPTYDAVE
707,32,1.0341,CKPTYDAVE
708,32,1.0028,CKPTYDAVE
709,32,1.0436,CKPTYDAVE
710,32,1.0434,CKPTYDAVE
711,32,1.055,CKPTYDAVE
712,32,1.04,CKPTYDAVE
713,32,1.046,CKPTYDAVE
714,32,1.0109,CKPTYDAVE
715,32,1.0626,CKPTYDAVE
716,32,1.0515,CKPTYDAVE
717,32,1.0424,CKPTYDAVE
718,32,1.0459,CKPTYDAVE
719,32,1.0441,CKPTYDAVE
720,32,1.0392,CKPTYDAVE
721,32,1.0527,CKPTYDAVE
722,32,1.1015,CKPTYDAVE
723,32,1.0255,CKPTYDAVE
724,32,1.0255,CKPTYDAVE
725,32,1.0099,CKPTYDAVE
726,32,1.0524,CKPTYDAVE
727,32,1.0302,CKPTYDAVE
728,32,1.0438,CKPTYDAVE
729,32,1.0317,CKPTYDAVE
730,32,1.0533,CKPTYDAVE
731,32,1.049,CKPTYDAVE
732,32,1.0348,CKPTYDAVE
733,32,1.0278,CKPTYDAVE
734,32,1.0365,CKPTYDAVE
735,32,1.0618,CKPTYDAVE
736,32,1.0591,CKPTYDAVE
737,32,1.0525,CKPTYDAVE
738,32,1.0337,CKPTYDAVE
739,32,1.0645,CKPTYDAVE
740,32,1.0388,CKPTYDAVE
741,32,1.0522,CKPTYDAVE
742,32,1.0645,CKPTYDAVE
743,32,1.0028,CKPTYDAVE
744,32,1.0652,CKPTYDAVE
745,32,1.0027,CKPTYDAVE
746,32,1.0338,CKPTYDAVE
747,32,1.0059,CKPTYDAVE
748,32,1.0252,CKPTYDAVE
749,32,1.0039,CKPTYDAVE
750,32,1.0351,CKPTYDAVE
751,32,1.0366,CKPTYDAVE
752,32,1.0345,CKPTYDAVE
753,32,1.0415,CKPTYDAVE
754,32,1.0304,CKPTYDAVE
755,32,1.0401,CKPTYDAVE
756,32,1.0364,CKPTYDAVE
757,32,1.026,CKPTYDAVE
758,32,1.0107,CKPTYDAVE
759,32,1.0762,CKPTYDAVE
760,32,1.0646,CKPTYDAVE
761,32,1.0257,CKPTYDAVE
762,32,1.0327,CKPTYDAVE
763,32,1.008,CKPTYDAVE
764,32,1.0142,CKPTYDAVE
765,32,1.0261,CKPTYDAVE
766,32,1.0177,CKPTYDAVE
767,32,1.0325,CKPTYDAVE
768,32,1.0937,CKPTYDAVE
769,32,1.044,CKPTYDAVE
770,32,1.0249,CKPTYDAVE
771,32,1.0364,CKPTYDAVE
772,32,1.0046,CKPTYDAVE
773,32,1.0355,CKPTYDAVE
774,32,1.0636,CKPTYDAVE
775,32,1.0457,CKPTYDAVE
776,32,1.0367,CKPTYDAVE
777,32,1.0334,CKPTYDAVE
778,32,1.0659,CKPTYDAVE
779,32,1.0554,CKPTYDAVE
780,32,1.0278,CKPTYDAVE
781,32,1.0533,CKPTYDAVE
782,32,1.08,CKPTYDAVE
783,32,1.0211,CKPTYDAVE
784,32,1.0335,CKPTYDAVE
785,32,1.0347,CKPTYDAVE
786,32,1.0535,CKPTYDAVE
787,32,1.0391,CKPTYDAVE
788,32,1.0333,CKPTYDAVE
789,32,1.0476,CKPTYDAVE
790,32,1.0567,CKPTYDAVE
791,32,1.0323,CKPTYDAVE
792,32,1.0266,CKPTYDAVE
793,32,1.0118,CKPTYDAVE
794,32,1.0261,CKPTYDAVE
795,32,1.041,CKPTYDAVE
796,32,1.0758,CKPTYDAVE
797,32,1.0675,CKPTYDAVE
798,32,1.0099,CKPTYDAVE
799,32,1.0647,CKPTYDAVE
800,32,1.0348,CKPTYDAVE
801,100,1.0507,CKPTEACHTASK
802,100,1.0232,CKPTEACHTASK
803,100,1.0222,CKPTEACHTASK
804,100,1.0197,CKPTEACHTASK
805,100,1.0295,CKPTEACHTASK
806,100,1.0318,CKPTEACHTASK
807,100,1.0243,CKPTEACHTASK
808,100,1.0004,CKPTEACHTASK
809,100,1.0259,CKPTEACHTASK
810,100,1.0438,CKPTEACHTASK
811,100,1.0497,CKPTEACHTASK
812,100,1.049,CKPTEACHTASK
813,100,1.0249,CKPTEACHTASK
814,100,1.0059,CKPTEACHTASK
815,100,1.0444,CKPTEACHTASK
816,100,1.0313,CKPTEACHTASK
817,100,1.0349,CKPTEACHTASK
818,100,1.0184,CKPTEACHTASK
819,100,1.0231,CKPTEACHTASK
820,100,1.0399,CKPTEACHTASK
821,100,1.0306,CKPTEACHTASK
822,100,1.0546,CKPTEACHTASK
823,100,1.0226,CKPTEACHTASK
824,100,1.0517,CKPTEACHTASK
825,100,1.0433,CKPTEACHTASK
826,100,1.0413,CKPTEACHTASK
827,100,1.0188,CKPTEACHTASK
828,100,1.0324,CKPTEACHTASK
829,100,1.0371,CKPTEACHTASK
830,100,1.0269,CKPTEACHTASK
831,100,1.0045,CKPTEACHTASK
832,100,1.0415,CKPTEACHTASK
833,100,1.0373,CKPTEACHTASK
834,100,1.033,CKPTEACHTASK
835,100,1.0198,CKPTEACHTASK
836,100,1,CKPTEACHTASK
837,100,1.0427,CKPTEACHTASK
838,100,1.0252,CKPTEACHTASK
839,100,1.0451,CKPTEACHTASK
840,100,1.0033,CKPTEACHTASK
841,100,1.0452,CKPTEACHTASK
842,100,1.0731,CKPTEACHTASK
843,100,1.0246,CKPTEACHTASK
844,100,1.012,CKPTEACHTASK
845,100,1.0215,CKPTEACHTASK
846,100,1.0348,CKPTEACHTASK
847,100,1.02,CKPTEACHTASK
848,100,1.03,CKPTEACHTASK
849,100,1.0427,CKPTEACHTASK
850,100,1.026,CKPTEACHTASK
851,100,1.0355,CKPTEACHTASK
852,100,1.0498,CKPTEACHTASK
853,100,1.0342,CKPTEACHTASK
854,100,1.021,CKPTEACHTASK
855,100,1.0083,CKPTEACHTASK
856,100,1.0354,CKPTEACHTASK
857,100,1.0256,CKPTEACHTASK
858,100,1.0416,CKPTEACHTASK
859,100,1.0342,CKPTEACHTASK
860,100,1.0313,CKPTEACHTASK
861,100,1.0086,CKPTEACHTASK
862,100,1.0413,CKPTEACHTASK
863,100,1.0307,CKPTEACHTASK
864,100,1.0224,CKPTEACHTASK
865,100,1.0266,CKPTEACHTASK
866,100,1.0198,CKPTEACHTASK
867,100,1.05,CKPTEACHTASK
868,100,1.042,CKPTEACHTASK
869,100,1.0442,CKPTEACHTASK
870,100,1.0445,CKPTEACHTASK
871,100,1.0332,CKPTEACHTASK
872,100,1.0199,CKPTEACHTASK
873,100,1.0158,CKPTEACHTASK
874,100,1.0315,CKPTEACHTASK
875,100,1.0347,CKPTEACHTASK
876,100,1.0449,CKPTEACHTASK
877,100,1.0378,CKPTEACHTASK
878,100,1.0562,CKPTEACHTASK
879,100,1.0201,CKPTEACHTASK
880,100,1.0329,CKPTEACHTASK
881,100,1.0387,CKPTEACHTASK
882,100,1.0353,CKPTEACHTASK
883,100,1.0304,CKPTEACHTASK
884,100,1.0588,CKPTEACHTASK
885,100,1.026,CKPTEACHTASK
886,100,1.0408,CKPTEACHTASK
887,100,1.048,CKPTEACHTASK
888,100,1.0416,CKPTEACHTASK
889,100,1.0421,CKPTEACHTASK
890,100,1.0339,CKPTEACHTASK
891,100,1.0217,CKPTEACHTASK
892,100,1.0355,CKPTEACHTASK
893,100,1.0306,CKPTEACHTASK
894,100,1.0314,CKPTEACHTASK
895,100,1.0489,CKPTEACHTASK
896,100,1.0516,CKPTEACHTASK
897,100,1.0415,CKPTEACHTASK
898,100,1.0132,CKPTEACHTASK
899,100,1.0221,CKPTEACHTASK
900,100,1.0226,CKPTEACHTASK
901,100,1.114,CKPTYDPER
902,100,1.1474,CKPTYDPER
903,100,1.1072,CKPTYDPER
904,100,1.1465,CKPTYDPER
905,100,1.1291,CKPTYDPER
906,100,1.1707,CKPTYDPER
907,100,1.1299,CKPTYDPER
908,100,1.1616,CKPTYDPER
909,100,1.1237,CKPTYDPER
910,100,1.2011,CKPTYDPER
911,100,1.1377,CKPTYDPER
912,100,1.1381,CKPTYDPER
913,100,1.1166,CKPTYDPER
914,100,1.0973,CKPTYDPER
915,100,1.1186,CKPTYDPER
916,100,1.0805,CKPTYDPER
917,100,1.0586,CKPTYDPER
918,100,1.1591,CKPTYDPER
919,100,1.1812,CKPTYDPER
920,100,1.1304,CKPTYDPER
921,100,1.0857,CKPTYDPER
922,100,1.1361,CKPTYDPER
923,100,1.145,CKPTYDPER
924,100,1.105,CKPTYDPER
925,100,1.1163,CKPTYDPER
926,100,1.1553,CKPTYDPER
927,100,1.1486,CKPTYDPER
928,100,1.0761,CKPTYDPER
929,100,1.1746,CKPTYDPER
930,100,1.0689,CKPTYDPER
931,100,1.1149,CKPTYDPER
932,100,1.1467,CKPTYDPER
933,100,1.1754,CKPTYDPER
934,100,1.1117,CKPTYDPER
935,100,1.1171,CKPTYDPER
936,100,1.1523,CKPTYDPER
937,100,1.1036,CKPTYDPER
938,100,1.1364,CKPTYDPER
939,100,1.1348,CKPTYDPER
940,100,1.191,CKPTYDPER
941,100,1.1348,CKPTYDPER
942,100,1.1634,CKPTYDPER
943,100,1.1681,CKPTYDPER
944,100,1.1013,CKPTYDPER
945,100,1.0935,CKPTYDPER
946,100,1.1079,CKPTYDPER
947,100,1.1795,CKPTYDPER
948,100,1.1284,CKPTYDPER
949,100,1.0853,CKPTYDPER
950,100,1.0786,CKPTYDPER
951,100,1.1417,CKPTYDPER
952,100,1.0966,CKPTYDPER
953,100,1.1062,CKPTYDPER
954,100,1.128,CKPTYDPER
955,100,1.1227,CKPTYDPER
956,100,1.2065,CKPTYDPER
957,100,1.0974,CKPTYDPER
958,100,1.1695,CKPTYDPER
959,100,1.1972,CKPTYDPER
960,100,1.1699,CKPTYDPER
961,100,1.1321,CKPTYDPER
962,100,1.1261,CKPTYDPER
963,100,1.089,CKPTYDPER
964,100,1.0941,CKPTYDPER
965,100,1.1469,CKPTYDPER
966,100,1.1,CKPTYDPER
967,100,1.0926,CKPTYDPER
968,100,1.1158,CKPTYDPER
969,100,1.0645,CKPTYDPER
970,100,1.0967,CKPTYDPER
971,100,1.0665,CKPTYDPER
972,100,1.138,CKPTYDPER
973,100,1.1251,CKPTYDPER
974,100,1.1494,CKPTYDPER
975,100,1.0908,CKPTYDPER
976,100,1.1386,CKPTYDPER
977,100,1.1288,CKPTYDPER
978,100,1.0813,CKPTYDPER
979,100,1.1014,CKPTYDPER
980,100,1.1187,CKPTYDPER
981,100,1.1674,CKPTYDPER
982,100,1.1609,CKPTYDPER
983,100,1.151,CKPTYDPER
984,100,1.1424,CKPTYDPER
985,100,1.1453,CKPTYDPER
986,100,1.1151,CKPTYDPER
987,100,1.1682,CKPTYDPER
988,100,1.1341,CKPTYDPER
989,100,1.1092,CKPTYDPER
990,100,1.0703,CKPTYDPER
991,100,1.114,CKPTYDPER
992,100,1.0958,CKPTYDPER
993,100,1.1002,CKPTYDPER
994,100,1.1089,CKPTYDPER
995,100,1.1242,CKPTYDPER
996,100,1.1452,CKPTYDPER
997,100,1.1723,CKPTYDPER
998,100,1.1135,CKPTYDPER
999,100,1.1367,CKPTYDPER
1000,100,1.0695,CKPTYDPER
1001,100,1.0917,CKPTEACHITER
1002,100,1.1567,CKPTEACHITER
1003,100,1.1075,CKPTEACHITER
1004,100,1.1468,CKPTEACHITER
1005,100,1.1202,CKPTEACHITER
1006,100,1.1617,CKPTEACHITER
1007,100,1.1299,CKPTEACHITER
1008,100,1.1531,CKPTEACHITER
1009,100,1.1109,CKPTEACHITER
1010,100,1.1921,CKPTEACHITER
1011,100,1.1379,CKPTEACHITER
1012,100,1.1384,CKPTEACHITER
1013,100,1.0933,CKPTEACHITER
1014,100,1.0974,CKPTEACHITER
1015,100,1.1281,CKPTEACHITER
1016,100,1.0808,CKPTEACHITER
1017,100,1.0495,CKPTEACHITER
1018,100,1.1485,CKPTEACHITER
1019,100,1.1814,CKPTEACHITER
1020,100,1.1397,CKPTEACHITER
1021,100,1.0955,CKPTEACHITER
1022,100,1.1731,CKPTEACHITER
1023,100,1.1361,CKPTEACHITER
1024,100,1.1145,CKPTEACHITER
1025,100,1.1165,CKPTEACHITER
1026,100,1.1382,CKPTEACHITER
1027,100,1.1397,CKPTEACHITER
1028,100,1.0669,CKPTEACHITER
1029,100,1.1657,CKPTEACHITER
1030,100,1.0804,CKPTEACHITER
1031,100,1.0989,CKPTEACHITER
1032,100,1.1653,CKPTEACHITER
1033,100,1.1756,CKPTEACHITER
1034,100,1.1423,CKPTEACHITER
1035,100,1.1413,CKPTEACHITER
1036,100,1.1436,CKPTEACHITER
1037,100,1.0927,CKPTEACHITER
1038,100,1.1365,CKPTEACHITER
1039,100,1.1564,CKPTEACHITER
1040,100,1.1822,CKPTEACHITER
1041,100,1.1199,CKPTEACHITER
1042,100,1.1746,CKPTEACHITER
1043,100,1.1682,CKPTEACHITER
1044,100,1.1022,CKPTEACHITER
1045,100,1.1115,CKPTEACHITER
1046,100,1.1082,CKPTEACHITER
1047,100,1.1796,CKPTEACHITER
1048,100,1.1194,CKPTEACHITER
1049,100,1.1061,CKPTEACHITER
1050,100,1.0882,CKPTEACHITER
1051,100,1.1423,CKPTEACHITER
1052,100,1.0878,CKPTEACHITER
1053,100,1.0972,CKPTEACHITER
1054,100,1.1281,CKPTEACHITER
1055,100,1.1374,CKPTEACHITER
1056,100,1.1876,CKPTEACHITER
1057,100,1.0861,CKPTEACHITER
1058,100,1.1529,CKPTEACHITER
1059,100,1.1974,CKPTEACHITER
1060,100,1.1511,CKPTEACHITER
1061,100,1.1232,CKPTEACHITER
1062,100,1.1262,CKPTEACHITER
1063,100,1.0892,CKPTEACHITER
1064,100,1.0854,CKPTEACHITER
1065,100,1.1379,CKPTEACHITER
1066,100,1.0912,CKPTEACHITER
1067,100,1.1243,CKPTEACHITER
1068,100,1.1068,CKPTEACHITER
1069,100,1.0646,CKPTEACHITER
1070,100,1.0876,CKPTEACHITER
1071,100,1.0674,CKPTEACHITER
1072,100,1.1293,CKPTEACHITER
1073,100,1.1162,CKPTEACHITER
1074,100,1.1495,CKPTEACHITER
1075,100,1.0912,CKPTEACHITER
1076,100,1.1387,CKPTEACHITER
1077,100,1.1379,CKPTEACHITER
1078,100,1.0719,CKPTEACHITER
1079,100,1.1021,CKPTEACHITER
1080,100,1.1096,CKPTEACHITER
1081,100,1.1676,CKPTEACHITER
1082,100,1.1609,CKPTEACHITER
1083,100,1.1511,CKPTEACHITER
1084,100,1.1424,CKPTEACHITER
1085,100,1.1455,CKPTEACHITER
1086,100,1.1154,CKPTEACHITER
1087,100,1.1528,CKPTEACHITER
1088,100,1.1434,CKPTEACHITER
1089,100,1.1001,CKPTEACHITER
1090,100,1.0798,CKPTEACHITER
1091,100,1.1051,CKPTEACHITER
1092,100,1.0962,CKPTEACHITER
1093,100,1.1004,CKPTEACHITER
1094,100,1.0931,CKPTEACHITER
1095,100,1.1149,CKPTEACHITER
1096,100,1.1557,CKPTEACHITER
1097,100,1.1726,CKPTEACHITER
1098,100,1.0969,CKPTEACHITER
1099,100,1.137,CKPTEACHITER
1100,100,1.0787,CKPTEACHITER
1101,100,1.053,CKPTYDAVE
1102,100,1.0325,CKPTYDAVE
1103,100,1.0321,CKPTYDAVE
1104,100,1.0314,CKPTYDAVE
1105,100,1.0402,CKPTYDAVE
1106,100,1.0434,CKPTYDAVE
1107,100,1.0343,CKPTYDAVE
1108,100,1.0076,CKPTYDAVE
1109,100,1.0357,CKPTYDAVE
1110,100,1.0435,CKPTYDAVE
1111,100,1.0401,CKPTYDAVE
1112,100,1.0578,CKPTYDAVE
1113,100,1.0237,CKPTYDAVE
1114,100,1.0138,CKPTYDAVE
1115,100,1.0442,CKPTYDAVE
1116,100,1.0271,CKPTYDAVE
1117,100,1.0255,CKPTYDAVE
1118,100,1.0263,CKPTYDAVE
1119,100,1.0385,CKPTYDAVE
1120,100,1.0405,CKPTYDAVE
1121,100,1.0397,CKPTYDAVE
1122,100,1.0758,CKPTYDAVE
1123,100,1.0278,CKPTYDAVE
1124,100,1.057,CKPTYDAVE
1125,100,1.0338,CKPTYDAVE
1126,100,1.0438,CKPTYDAVE
1127,100,1.0308,CKPTYDAVE
1128,100,1.0282,CKPTYDAVE
1129,100,1.0376,CKPTYDAVE
1130,100,1.0395,CKPTYDAVE
1131,100,1.0179,CKPTYDAVE
1132,100,1.0523,CKPTYDAVE
1133,100,1.0332,CKPTYDAVE
1134,100,1.0423,CKPTYDAVE
1135,100,1.0602,CKPTYDAVE
1136,100,1.0529,CKPTYDAVE
1137,100,1.041,CKPTYDAVE
1138,100,1.0347,CKPTYDAVE
1139,100,1.0573,CKPTYDAVE
1140,100,1.0248,CKPTYDAVE
1141,100,1.0452,CKPTYDAVE
1142,100,1.0743,CKPTYDAVE
1143,100,1.0252,CKPTYDAVE
1144,100,1.0306,CKPTYDAVE
1145,100,1.0132,CKPTYDAVE
1146,100,1.0542,CKPTYDAVE
1147,100,1.0318,CKPTYDAVE
1148,100,1.0399,CKPTYDAVE
1149,100,1.0421,CKPTYDAVE
1150,100,1.0351,CKPTYDAVE
1151,100,1.0299,CKPTYDAVE
1152,100,1.0396,CKPTYDAVE
1153,100,1.0229,CKPTYDAVE
1154,100,1.0238,CKPTYDAVE
1155,100,1.0257,CKPTYDAVE
1156,100,1.0503,CKPTYDAVE
1157,100,1.0256,CKPTYDAVE
1158,100,1.065,CKPTYDAVE
1159,100,1.0388,CKPTYDAVE
1160,100,1.042,CKPTYDAVE
1161,100,1.0197,CKPTYDAVE
1162,100,1.0428,CKPTYDAVE
1163,100,1.0301,CKPTYDAVE
1164,100,1.0475,CKPTYDAVE
1165,100,1.0361,CKPTYDAVE
1166,100,1.0294,CKPTYDAVE
1167,100,1.0398,CKPTYDAVE
1168,100,1.0541,CKPTYDAVE
1169,100,1.0328,CKPTYDAVE
1170,100,1.0422,CKPTYDAVE
1171,100,1.0223,CKPTYDAVE
1172,100,1.0314,CKPTYDAVE
1173,100,1.0428,CKPTYDAVE
1174,100,1.0419,CKPTYDAVE
1175,100,1.0351,CKPTYDAVE
1176,100,1.0357,CKPTYDAVE
1177,100,1.0485,CKPTYDAVE
1178,100,1.0511,CKPTYDAVE
1179,100,1.039,CKPTYDAVE
1180,100,1.0254,CKPTYDAVE
1181,100,1.0438,CKPTYDAVE
1182,100,1.0565,CKPTYDAVE
1183,100,1.0398,CKPTYDAVE
1184,100,1.0594,CKPTYDAVE
1185,100,1.038,CKPTYDAVE
1186,100,1.0406,CKPTYDAVE
1187,100,1.0608,CKPTYDAVE
1188,100,1.041,CKPTYDAVE
1189,100,1.0427,CKPTYDAVE
1190,100,1.0243,CKPTYDAVE
1191,100,1.0207,CKPTYDAVE
1192,100,1.0239,CKPTYDAVE
1193,100,1.0207,CKPTYDAVE
1194,100,1.0325,CKPTYDAVE
1195,100,1.0488,CKPTYDAVE
1196,100,1.0518,CKPTYDAVE
1197,100,1.0757,CKPTYDAVE
1198,100,1.034,CKPTYDAVE
1199,100,1.0322,CKPTYDAVE
1200,100,1.0319,CKPTYDAVE
1201,316,1.0386,CKPTEACHTASK
1202,316,1.0353,CKPTEACHTASK
1203,316,1.0322,CKPTEACHTASK
1204,316,1.0418,CKPTEACHTASK
1205,316,1.0301,CKPTEACHTASK
1206,316,1.0332,CKPTEACHTASK
1207,316,1.0288,CKPTEACHTASK
1208,316,1.0299,CKPTEACHTASK
1209,316,1.0309,CKPTEACHTASK
1210,316,1.0355,CKPTEACHTASK
1211,316,1.0385,CKPTEACHTASK
1212,316,1.034,CKPTEACHTASK
1213,316,1.0308,CKPTEACHTASK
1214,316,1.0235,CKPTEACHTASK
1215,316,1.0407,CKPTEACHTASK
1216,316,1.0369,CKPTEACHTASK
1217,316,1.0366,CKPTEACHTASK
1218,316,1.031,CKPTEACHTASK
1219,316,1.0369,CKPTEACHTASK
1220,316,1.0398,CKPTEACHTASK
1221,316,1.0261,CKPTEACHTASK
1222,316,1.0421,CKPTEACHTASK
1223,316,1.0295,CKPTEACHTASK
1224,316,1.0417,CKPTEACHTASK
1225,316,1.0416,CKPTEACHTASK
1226,316,1.0367,CKPTEACHTASK
1227,316,1.016,CKPTEACHTASK
1228,316,1.0391,CKPTEACHTASK
1229,316,1.0313,CKPTEACHTASK
1230,316,1.0285,CKPTEACHTASK
1231,316,1.0242,CKPTEACHTASK
1232,316,1.0494,CKPTEACHTASK
1233,316,1.0431,CKPTEACHTASK
1234,316,1.0327,CKPTEACHTASK
1235,316,1.0278,CKPTEACHTASK
1236,316,1.0094,CKPTEACHTASK
1237,316,1.0388,CKPTEACHTASK
1238,316,1.031,CKPTEACHTASK
1239,316,1.0424,CKPTEACHTASK
1240,316,1.0239,CKPTEACHTASK
1241,316,1.0453,CKPTEACHTASK
1242,316,1.0463,CKPTEACHTASK
1243,316,1.0256,CKPTEACHTASK
1244,316,1.036,CKPTEACHTASK
1245,316,1.0257,CKPTEACHTASK
1246,316,1.0386,CKPTEACHTASK
1247,316,1.0304,CKPTEACHTASK
1248,316,1.0484,CKPTEACHTASK
1249,316,1.0375,CKPTEACHTASK
1250,316,1.0445,CKPTEACHTASK
1251,316,1.033,CKPTEACHTASK
1252,316,1.0391,CKPTEACHTASK
1253,316,1.0328,CKPTEACHTASK
1254,316,1.0435,CKPTEACHTASK
1255,316,1.0223,CKPTEACHTASK
1256,316,1.0402,CKPTEACHTASK
1257,316,1.0262,CKPTEACHTASK
1258,316,1.0274,CKPTEACHTASK
1259,316,1.0426,CKPTEACHTASK
1260,316,1.0303,CKPTEACHTASK
1261,316,1.0224,CKPTEACHTASK
1262,316,1.0416,CKPTEACHTASK
1263,316,1.038,CKPTEACHTASK
1264,316,1.028,CKPTEACHTASK
1265,316,1.0248,CKPTEACHTASK
1266,316,1.0343,CKPTEACHTASK
1267,316,1.0505,CKPTEACHTASK
1268,316,1.0409,CKPTEACHTASK
1269,316,1.0341,CKPTEACHTASK
1270,316,1.0425,CKPTEACHTASK
1271,316,1.0444,CKPTEACHTASK
1272,316,1.0252,CKPTEACHTASK
1273,316,1.0197,CKPTEACHTASK
1274,316,1.0354,CKPTEACHTASK
1275,316,1.0386,CKPTEACHTASK
1276,316,1.0338,CKPTEACHTASK
1277,316,1.0275,CKPTEACHTASK
1278,316,1.0422,CKPTEACHTASK
1279,316,1.0348,CKPTEACHTASK
1280,316,1.034,CKPTEACHTASK
1281,316,1.0402,CKPTEACHTASK
1282,316,1.0321,CKPTEACHTASK
1283,316,1.0476,CKPTEACHTASK
1284,316,1.0441,CKPTEACHTASK
1285,316,1.0258,CKPTEACHTASK
1286,316,1.0411,CKPTEACHTASK
1287,316,1.046,CKPTEACHTASK
1288,316,1.0475,CKPTEACHTASK
1289,316,1.0246,CKPTEACHTASK
1290,316,1.025,CKPTEACHTASK
1291,316,1.0398,CKPTEACHTASK
1292,316,1.0357,CKPTEACHTASK
1293,316,1.0317,CKPTEACHTASK
1294,316,1.0286,CKPTEACHTASK
1295,316,1.0355,CKPTEACHTASK
1296,316,1.0398,CKPTEACHTASK
1297,316,1.0385,CKPTEACHTASK
1298,316,1.0264,CKPTEACHTASK
1299,316,1.0359,CKPTEACHTASK
1300,316,1.0305,CKPTEACHTASK
1301,316,1.1024,CKPTYDPER
1302,316,1.1443,CKPTYDPER
1303,316,1.0755,CKPTYDPER
1304,316,1.1262,CKPTYDPER
1305,316,1.1098,CKPTYDPER
1306,316,1.1351,CKPTYDPER
1307,316,1.1292,CKPTYDPER
1308,316,1.1395,CKPTYDPER
1309,316,1.1246,CKPTYDPER
1310,316,1.1379,CKPTYDPER
1311,316,1.112,CKPTYDPER
1312,316,1.1214,CKPTYDPER
1313,316,1.1094,CKPTYDPER
1314,316,1.0795,CKPTYDPER
1315,316,1.1195,CKPTYDPER
1316,316,1.1016,CKPTYDPER
1317,316,1.1067,CKPTYDPER
1318,316,1.1399,CKPTYDPER
1319,316,1.1363,CKPTYDPER
1320,316,1.1398,CKPTYDPER
1321,316,1.1083,CKPTYDPER
1322,316,1.1213,CKPTYDPER
1323,316,1.1197,CKPTYDPER
1324,316,1.087,CKPTYDPER
1325,316,1.1237,CKPTYDPER
1326,316,1.1149,CKPTYDPER
1327,316,1.1262,CKPTYDPER
1328,316,1.0999,CKPTYDPER
1329,316,1.1335,CKPTYDPER
1330,316,1.112,CKPTYDPER
1331,316,1.1138,CKPTYDPER
1332,316,1.1205,CKPTYDPER
1333,316,1.1133,CKPTYDPER
1334,316,1.1307,CKPTYDPER
1335,316,1.1215,CKPTYDPER
1336,316,1.1214,CKPTYDPER
1337,316,1.0918,CKPTYDPER
1338,316,1.1333,CKPTYDPER
1339,316,1.1345,CKPTYDPER
1340,316,1.118,CKPTYDPER
1341,316,1.1184,CKPTYDPER
1342,316,1.1238,CKPTYDPER
1343,316,1.1172,CKPTYDPER
1344,316,1.0912,CKPTYDPER
1345,316,1.083,CKPTYDPER
1346,316,1.1293,CKPTYDPER
1347,316,1.1529,CKPTYDPER
1348,316,1.1099,CKPTYDPER
1349,316,1.1151,CKPTYDPER
1350,316,1.0756,CKPTYDPER
1351,316,1.1299,CKPTYDPER
1352,316,1.118,CKPTYDPER
1353,316,1.1244,CKPTYDPER
1354,316,1.0997,CKPTYDPER
1355,316,1.1039,CKPTYDPER
1356,316,1.144,CKPTYDPER
1357,316,1.1241,CKPTYDPER
1358,316,1.129,CKPTYDPER
1359,316,1.1124,CKPTYDPER
1360,316,1.1169,CKPTYDPER
1361,316,1.1344,CKPTYDPER
1362,316,1.1219,CKPTYDPER
1363,316,1.1077,CKPTYDPER
1364,316,1.0885,CKPTYDPER
1365,316,1.1158,CKPTYDPER
1366,316,1.1264,CKPTYDPER
1367,316,1.111,CKPTYDPER
1368,316,1.1379,CKPTYDPER
1369,316,1.117,CKPTYDPER
1370,316,1.1149,CKPTYDPER
1371,316,1.1353,CKPTYDPER
1372,316,1.1225,CKPTYDPER
1373,316,1.1002,CKPTYDPER
1374,316,1.1207,CKPTYDPER
1375,316,1.1011,CKPTYDPER
1376,316,1.1102,CKPTYDPER
1377,316,1.1345,CKPTYDPER
1378,316,1.1015,CKPTYDPER
1379,316,1.0942,CKPTYDPER
1380,316,1.0939,CKPTYDPER
1381,316,1.1675,CKPTYDPER
1382,316,1.107,CKPTYDPER
1383,316,1.1254,CKPTYDPER
1384,316,1.1162,CKPTYDPER
1385,316,1.128,CKPTYDPER
1386,316,1.128,CKPTYDPER
1387,316,1.1287,CKPTYDPER
1388,316,1.1004,CKPTYDPER
1389,316,1.1023,CKPTYDPER
1390,316,1.1054,CKPTYDPER
1391,316,1.1136,CKPTYDPER
1392,316,1.091,CKPTYDPER
1393,316,1.1244,CKPTYDPER
1394,316,1.1246,CKPTYDPER
1395,316,1.0969,CKPTYDPER
1396,316,1.1394,CKPTYDPER
1397,316,1.1602,CKPTYDPER
1398,316,1.0994,CKPTYDPER
1399,316,1.1392,CKPTYDPER
1400,316,1.0868,CKPTYDPER
1401,316,1.1165,CKPTEACHITER
1402,316,1.1473,CKPTEACHITER
1403,316,1.0897,CKPTEACHITER
1404,316,1.1355,CKPTEACHITER
1405,316,1.1157,CKPTEACHITER
1406,316,1.1351,CKPTEACHITER
1407,316,1.1293,CKPTEACHITER
1408,316,1.1368,CKPTEACHITER
1409,316,1.1206,CKPTEACHITER
1410,316,1.1438,CKPTEACHITER
1411,316,1.112,CKPTEACHITER
1412,316,1.1351,CKPTEACHITER
1413,316,1.1123,CKPTEACHITER
1414,316,1.0824,CKPTEACHITER
1415,316,1.136,CKPTEACHITER
1416,316,1.1046,CKPTEACHITER
1417,316,1.1068,CKPTEACHITER
1418,316,1.14,CKPTEACHITER
1419,316,1.153,CKPTEACHITER
1420,316,1.1457,CKPTEACHITER
1421,316,1.1173,CKPTEACHITER
1422,316,1.1402,CKPTEACHITER
1423,316,1.1227,CKPTEACHITER
1424,316,1.0958,CKPTEACHITER
1425,316,1.1267,CKPTEACHITER
1426,316,1.123,CKPTEACHITER
1427,316,1.1263,CKPTEACHITER
1428,316,1.1158,CKPTEACHITER
1429,316,1.1335,CKPTEACHITER
1430,316,1.1178,CKPTEACHITER
1431,316,1.1223,CKPTEACHITER
1432,316,1.1364,CKPTEACHITER
1433,316,1.1133,CKPTEACHITER
1434,316,1.1489,CKPTEACHITER
1435,316,1.1385,CKPTEACHITER
1436,316,1.1214,CKPTEACHITER
1437,316,1.0979,CKPTEACHITER
1438,316,1.1363,CKPTEACHITER
1439,316,1.1505,CKPTEACHITER
1440,316,1.1209,CKPTEACHITER
1441,316,1.1226,CKPTEACHITER
1442,316,1.1309,CKPTEACHITER
1443,316,1.1173,CKPTEACHITER
1444,316,1.1019,CKPTEACHITER
1445,316,1.09,CKPTEACHITER
1446,316,1.138,CKPTEACHITER
1447,316,1.1676,CKPTEACHITER
1448,316,1.1029,CKPTEACHITER
1449,316,1.1327,CKPTEACHITER
1450,316,1.0851,CKPTEACHITER
1451,316,1.1328,CKPTEACHITER
1452,316,1.1132,CKPTEACHITER
1453,316,1.1216,CKPTEACHITER
1454,316,1.1092,CKPTEACHITER
1455,316,1.1098,CKPTEACHITER
1456,316,1.1469,CKPTEACHITER
1457,316,1.1329,CKPTEACHITER
1458,316,1.1292,CKPTEACHITER
1459,316,1.1268,CKPTEACHITER
1460,316,1.1169,CKPTEACHITER
1461,316,1.1345,CKPTEACHITER
1462,316,1.1296,CKPTEACHITER
1463,316,1.1144,CKPTEACHITER
1464,316,1.0857,CKPTEACHITER
1465,316,1.1187,CKPTEACHITER
1466,316,1.1406,CKPTEACHITER
1467,316,1.124,CKPTEACHITER
1468,316,1.1409,CKPTEACHITER
1469,316,1.1333,CKPTEACHITER
1470,316,1.1209,CKPTEACHITER
1471,316,1.1353,CKPTEACHITER
1472,316,1.1197,CKPTEACHITER
1473,316,1.1118,CKPTEACHITER
1474,316,1.1237,CKPTEACHITER
1475,316,1.1129,CKPTEACHITER
1476,316,1.1163,CKPTEACHITER
1477,316,1.1461,CKPTEACHITER
1478,316,1.11,CKPTEACHITER
1479,316,1.1001,CKPTEACHITER
1480,316,1.0968,CKPTEACHITER
1481,316,1.1762,CKPTEACHITER
1482,316,1.1123,CKPTEACHITER
1483,316,1.1284,CKPTEACHITER
1484,316,1.1213,CKPTEACHITER
1485,316,1.131,CKPTEACHITER
1486,316,1.1323,CKPTEACHITER
1487,316,1.1378,CKPTEACHITER
1488,316,1.1093,CKPTEACHITER
1489,316,1.1084,CKPTEACHITER
1490,316,1.1125,CKPTEACHITER
1491,316,1.1357,CKPTEACHITER
1492,316,1.0995,CKPTEACHITER
1493,316,1.1245,CKPTEACHITER
1494,316,1.1305,CKPTEACHITER
1495,316,1.1072,CKPTEACHITER
1496,316,1.1452,CKPTEACHITER
1497,316,1.172,CKPTEACHITER
1498,316,1.1034,CKPTEACHITER
1499,316,1.1392,CKPTEACHITER
1500,316,1.0927,CKPTEACHITER
1501,316,1.0362,CKPTYDAVE
1502,316,1.037,CKPTYDAVE
1503,316,1.0292,CKPTYDAVE
1504,316,1.0461,CKPTYDAVE
1505,316,1.0404,CKPTYDAVE
1506,316,1.041,CKPTYDAVE
1507,316,1.0442,CKPTYDAVE
1508,316,1.0441,CKPTYDAVE
1509,316,1.0311,CKPTYDAVE
1510,316,1.0445,CKPTYDAVE
1511,316,1.0323,CKPTYDAVE
1512,316,1.0371,CKPTYDAVE
1513,316,1.0303,CKPTYDAVE
1514,316,1.0282,CKPTYDAVE
1515,316,1.0409,CKPTYDAVE
1516,316,1.0418,CKPTYDAVE
1517,316,1.0381,CKPTYDAVE
1518,316,1.0312,CKPTYDAVE
1519,316,1.0485,CKPTYDAVE
1520,316,1.043,CKPTYDAVE
1521,316,1.0325,CKPTYDAVE
1522,316,1.049,CKPTYDAVE
1523,316,1.03,CKPTYDAVE
1524,316,1.0448,CKPTYDAVE
1525,316,1.0387,CKPTYDAVE
1526,316,1.0369,CKPTYDAVE
1527,316,1.0306,CKPTYDAVE
1528,316,1.0431,CKPTYDAVE
1529,316,1.0374,CKPTYDAVE
1530,316,1.0358,CKPTYDAVE
1531,316,1.0366,CKPTYDAVE
1532,316,1.0558,CKPTYDAVE
1533,316,1.0437,CKPTYDAVE
1534,316,1.0407,CKPTYDAVE
1535,316,1.043,CKPTYDAVE
1536,316,1.0359,CKPTYDAVE
1537,316,1.048,CKPTYDAVE
1538,316,1.0342,CKPTYDAVE
1539,316,1.0564,CKPTYDAVE
1540,316,1.0388,CKPTYDAVE
1541,316,1.049,CKPTYDAVE
1542,316,1.0462,CKPTYDAVE
1543,316,1.0314,CKPTYDAVE
1544,316,1.0434,CKPTYDAVE
1545,316,1.0302,CKPTYDAVE
1546,316,1.0542,CKPTYDAVE
1547,316,1.0385,CKPTYDAVE
1548,316,1.0558,CKPTYDAVE
1549,316,1.0472,CKPTYDAVE
1550,316,1.0486,CKPTYDAVE
1551,316,1.0377,CKPTYDAVE
1552,316,1.0394,CKPTYDAVE
1553,316,1.0329,CKPTYDAVE
1554,316,1.0443,CKPTYDAVE
1555,316,1.0318,CKPTYDAVE
1556,316,1.0495,CKPTYDAVE
1557,316,1.0298,CKPTYDAVE
1558,316,1.0417,CKPTYDAVE
1559,316,1.0481,CKPTYDAVE
1560,316,1.0315,CKPTYDAVE
1561,316,1.0396,CKPTYDAVE
1562,316,1.0509,CKPTYDAVE
1563,316,1.0474,CKPTYDAVE
1564,316,1.0355,CKPTYDAVE
1565,316,1.0308,CKPTYDAVE
1566,316,1.0485,CKPTYDAVE
1567,316,1.0467,CKPTYDAVE
1568,316,1.0479,CKPTYDAVE
1569,316,1.048,CKPTYDAVE
1570,316,1.0425,CKPTYDAVE
1571,316,1.039,CKPTYDAVE
1572,316,1.0404,CKPTYDAVE
1573,316,1.036,CKPTYDAVE
1574,316,1.0424,CKPTYDAVE
1575,316,1.0418,CKPTYDAVE
1576,316,1.0347,CKPTYDAVE
1577,316,1.0329,CKPTYDAVE
1578,316,1.0424,CKPTYDAVE
1579,316,1.0432,CKPTYDAVE
1580,316,1.0351,CKPTYDAVE
1581,316,1.0475,CKPTYDAVE
1582,316,1.0329,CKPTYDAVE
1583,316,1.0433,CKPTYDAVE
1584,316,1.0443,CKPTYDAVE
1585,316,1.0464,CKPTYDAVE
1586,316,1.0409,CKPTYDAVE
1587,316,1.0532,CKPTYDAVE
1588,316,1.0555,CKPTYDAVE
1589,316,1.037,CKPTYDAVE
1590,316,1.0265,CKPTYDAVE
1591,316,1.043,CKPTYDAVE
1592,316,1.0323,CKPTYDAVE
1593,316,1.0319,CKPTYDAVE
1594,316,1.0339,CKPTYDAVE
1595,316,1.029,CKPTYDAVE
1596,316,1.0462,CKPTYDAVE
1597,316,1.0627,CKPTYDAVE
1598,316,1.0355,CKPTYDAVE
1599,316,1.0458,CKPTYDAVE
1600,316,1.0305,CKPTYDAVE
1601,1000,1.0356,CKPTEACHTASK
1602,1000,1.0362,CKPTEACHTASK
1603,1000,1.0373,CKPTEACHTASK
1604,1000,1.0403,CKPTEACHTASK
1605,1000,1.0322,CKPTEACHTASK
1606,1000,1.0332,CKPTEACHTASK
1607,1000,1.0321,CKPTEACHTASK
1608,1000,1.0318,CKPTEACHTASK
1609,1000,1.0283,CKPTEACHTASK
1610,1000,1.0397,CKPTEACHTASK
1611,1000,1.0339,CKPTEACHTASK
1612,1000,1.0317,CKPTEACHTASK
1613,1000,1.039,CKPTEACHTASK
1614,1000,1.0289,CKPTEACHTASK
1615,1000,1.0351,CKPTEACHTASK
1616,1000,1.0364,CKPTEACHTASK
1617,1000,1.0317,CKPTEACHTASK
1618,1000,1.0388,CKPTEACHTASK
1619,1000,1.0322,CKPTEACHTASK
1620,1000,1.0341,CKPTEACHTASK
1621,1000,1.0303,CKPTEACHTASK
1622,1000,1.0347,CKPTEACHTASK
1623,1000,1.0278,CKPTEACHTASK
1624,1000,1.0356,CKPTEACHTASK
1625,1000,1.0402,CKPTEACHTASK
1626,1000,1.0347,CKPTEACHTASK
1627,1000,1.0281,CKPTEACHTASK
1628,1000,1.0387,CKPTEACHTASK
1629,1000,1.0375,CKPTEACHTASK
1630,1000,1.0398,CKPTEACHTASK
1631,1000,1.0289,CKPTEACHTASK
1632,1000,1.0382,CKPTEACHTASK
1633,1000,1.0379,CKPTEACHTASK
1634,1000,1.0345,CKPTEACHTASK
1635,1000,1.0342,CKPTEACHTASK
1636,1000,1.0191,CKPTEACHTASK
1637,1000,1.0384,CKPTEACHTASK
1638,1000,1.0287,CKPTEACHTASK
1639,1000,1.0383,CKPTEACHTASK
1640,1000,1.0321,CKPTEACHTASK
1641,1000,1.0412,CKPTEACHTASK
1642,1000,1.0418,CKPTEACHTASK
1643,1000,1.032,CKPTEACHTASK
1644,1000,1.0348,CKPTEACHTASK
1645,1000,1.0318,CKPTEACHTASK
1646,1000,1.0396,CKPTEACHTASK
1647,1000,1.0383,CKPTEACHTASK
1648,1000,1.0388,CKPTEACHTASK
1649,1000,1.0315,CKPTEACHTASK
1650,1000,1.0336,CKPTEACHTASK
1651,1000,1.0343,CKPTEACHTASK
1652,1000,1.0349,CKPTEACHTASK
1653,1000,1.0355,CKPTEACHTASK
1654,1000,1.0348,CKPTEACHTASK
1655,1000,1.0304,CKPTEACHTASK
1656,1000,1.0385,CKPTEACHTASK
1657,1000,1.031,CKPTEACHTASK
1658,1000,1.0284,CKPTEACHTASK
1659,1000,1.0352,CKPTEACHTASK
1660,1000,1.0337,CKPTEACHTASK
1661,1000,1.0351,CKPTEACHTASK
1662,1000,1.0382,CKPTEACHTASK
1663,1000,1.0381,CKPTEACHTASK
1664,1000,1.039,CKPTEACHTASK
1665,1000,1.0323,CKPTEACHTASK
1666,1000,1.0339,CKPTEACHTASK
1667,1000,1.0392,CKPTEACHTASK
1668,1000,1.0361,CKPTEACHTASK
1669,1000,1.0382,CKPTEACHTASK
1670,1000,1.0295,CKPTEACHTASK
1671,1000,1.0377,CKPTEACHTASK
1672,1000,1.0425,CKPTEACHTASK
1673,1000,1.0269,CKPTEACHTASK
1674,1000,1.037,CKPTEACHTASK
1675,1000,1.0377,CKPTEACHTASK
1676,1000,1.0343,CKPTEACHTASK
1677,1000,1.0267,CKPTEACHTASK
1678,1000,1.0312,CKPTEACHTASK
1679,1000,1.0412,CKPTEACHTASK
1680,1000,1.0406,CKPTEACHTASK
1681,1000,1.0421,CKPTEACHTASK
1682,1000,1.033,CKPTEACHTASK
1683,1000,1.0391,CKPTEACHTASK
1684,1000,1.0354,CKPTEACHTASK
1685,1000,1.031,CKPTEACHTASK
1686,1000,1.0337,CKPTEACHTASK
1687,1000,1.034,CKPTEACHTASK
1688,1000,1.0424,CKPTEACHTASK
1689,1000,1.0304,CKPTEACHTASK
1690,1000,1.0305,CKPTEACHTASK
1691,1000,1.0324,CKPTEACHTASK
1692,1000,1.0383,CKPTEACHTASK
1693,1000,1.0345,CKPTEACHTASK
1694,1000,1.031,CKPTEACHTASK
1695,1000,1.0348,CKPTEACHTASK
1696,1000,1.0365,CKPTEACHTASK
1697,1000,1.033,CKPTEACHTASK
1698,1000,1.04,CKPTEACHTASK
1699,1000,1.0371,CKPTEACHTASK
1700,1000,1.0335,CKPTEACHTASK
1701,1000,1.1101,CKPTYDPER
1702,1000,1.1323,CKPTYDPER
1703,1000,1.0954,CKPTYDPER
1704,1000,1.1086,CKPTYDPER
1705,1000,1.1266,CKPTYDPER
1706,1000,1.1275,CKPTYDPER
1707,1000,1.1163,CKPTYDPER
1708,1000,1.1196,CKPTYDPER
1709,1000,1.1249,CKPTYDPER
1710,1000,1.1163,CKPTYDPER
1711,1000,1.1091,CKPTYDPER
1712,1000,1.1231,CKPTYDPER
1713,1000,1.1111,CKPTYDPER
1714,1000,1.1061,CKPTYDPER
1715,1000,1.1087,CKPTYDPER
1716,1000,1.1121,CKPTYDPER
1717,1000,1.1165,CKPTYDPER
1718,1000,1.1218,CKPTYDPER
1719,1000,1.109,CKPTYDPER
1720,1000,1.1233,CKPTYDPER
1721,1000,1.1135,CKPTYDPER
1722,1000,1.1145,CKPTYDPER
1723,1000,1.1034,CKPTYDPER
1724,1000,1.1131,CKPTYDPER
1725,1000,1.1198,CKPTYDPER
1726,1000,1.0991,CKPTYDPER
1727,1000,1.1262,CKPTYDPER
1728,1000,1.0918,CKPTYDPER
1729,1000,1.1138,CKPTYDPER
1730,1000,1.1136,CKPTYDPER
1731,1000,1.1027,CKPTYDPER
1732,1000,1.1199,CKPTYDPER
1733,1000,1.1236,CKPTYDPER
1734,1000,1.122,CKPTYDPER
1735,1000,1.1416,CKPTYDPER
1736,1000,1.1102,CKPTYDPER
1737,1000,1.1081,CKPTYDPER
1738,1000,1.1126,CKPTYDPER
1739,1000,1.1111,CKPTYDPER
1740,1000,1.1242,CKPTYDPER
1741,1000,1.1244,CKPTYDPER
1742,1000,1.127,CKPTYDPER
1743,1000,1.1126,CKPTYDPER
1744,1000,1.113,CKPTYDPER
1745,1000,1.1073,CKPTYDPER
1746,1000,1.128,CKPTYDPER
1747,1000,1.1354,CKPTYDPER
1748,1000,1.1222,CKPTYDPER
1749,1000,1.1121,CKPTYDPER
1750,1000,1.1061,CKPTYDPER
1751,1000,1.1118,CKPTYDPER
1752,1000,1.1316,CKPTYDPER
1753,1000,1.1151,CKPTYDPER
1754,1000,1.1166,CKPTYDPER
1755,1000,1.1027,CKPTYDPER
1756,1000,1.1282,CKPTYDPER
1757,1000,1.14,CKPTYDPER
1758,1000,1.1171,CKPTYDPER
1759,1000,1.1166,CKPTYDPER
1760,1000,1.1151,CKPTYDPER
1761,1000,1.1248,CKPTYDPER
1762,1000,1.1193,CKPTYDPER
1763,1000,1.1132,CKPTYDPER
1764,1000,1.104,CKPTYDPER
1765,1000,1.1195,CKPTYDPER
1766,1000,1.1301,CKPTYDPER
1767,1000,1.1191,CKPTYDPER
1768,1000,1.111,CKPTYDPER
1769,1000,1.1072,CKPTYDPER
1770,1000,1.1043,CKPTYDPER
1771,1000,1.1171,CKPTYDPER
1772,1000,1.1256,CKPTYDPER
1773,1000,1.1001,CKPTYDPER
1774,1000,1.1163,CKPTYDPER
1775,1000,1.1092,CKPTYDPER
1776,1000,1.1102,CKPTYDPER
1777,1000,1.1051,CKPTYDPER
1778,1000,1.112,CKPTYDPER
1779,1000,1.0973,CKPTYDPER
1780,1000,1.1099,CKPTYDPER
1781,1000,1.1268,CKPTYDPER
1782,1000,1.1118,CKPTYDPER
1783,1000,1.1075,CKPTYDPER
1784,1000,1.1275,CKPTYDPER
1785,1000,1.1115,CKPTYDPER
1786,1000,1.1213,CKPTYDPER
1787,1000,1.1075,CKPTYDPER
1788,1000,1.0952,CKPTYDPER
1789,1000,1.1278,CKPTYDPER
1790,1000,1.1154,CKPTYDPER
1791,1000,1.1149,CKPTYDPER
1792,1000,1.0976,CKPTYDPER
1793,1000,1.1102,CKPTYDPER
1794,1000,1.1158,CKPTYDPER
1795,1000,1.1086,CKPTYDPER
1796,1000,1.1157,CKPTYDPER
1797,1000,1.1182,CKPTYDPER
1798,1000,1.1301,CKPTYDPER
1799,1000,1.1338,CKPTYDPER
1800,1000,1.0955,CKPTYDPER
1801,1000,1.1173,CKPTEACHITER
1802,1000,1.14,CKPTEACHITER
1803,1000,1.1046,CKPTEACHITER
1804,1000,1.1184,CKPTEACHITER
1805,1000,1.1336,CKPTEACHITER
1806,1000,1.1336,CKPTEACHITER
1807,1000,1.1248,CKPTEACHITER
1808,1000,1.127,CKPTEACHITER
1809,1000,1.1271,CKPTEACHITER
1810,1000,1.1248,CKPTEACHITER
1811,1000,1.1146,CKPTEACHITER
1812,1000,1.1358,CKPTEACHITER
1813,1000,1.1191,CKPTEACHITER
1814,1000,1.1141,CKPTEACHITER
1815,1000,1.1216,CKPTEACHITER
1816,1000,1.1131,CKPTEACHITER
1817,1000,1.1207,CKPTEACHITER
1818,1000,1.1311,CKPTEACHITER
1819,1000,1.1251,CKPTEACHITER
1820,1000,1.1324,CKPTEACHITER
1821,1000,1.1246,CKPTEACHITER
1822,1000,1.1243,CKPTEACHITER
1823,1000,1.1101,CKPTEACHITER
1824,1000,1.1202,CKPTEACHITER
1825,1000,1.1302,CKPTEACHITER
1826,1000,1.1047,CKPTEACHITER
1827,1000,1.1299,CKPTEACHITER
1828,1000,1.1038,CKPTEACHITER
1829,1000,1.1166,CKPTEACHITER
1830,1000,1.1241,CKPTEACHITER
1831,1000,1.1115,CKPTEACHITER
1832,1000,1.1337,CKPTEACHITER
1833,1000,1.1319,CKPTEACHITER
1834,1000,1.1342,CKPTEACHITER
1835,1000,1.1506,CKPTEACHITER
1836,1000,1.12,CKPTEACHITER
1837,1000,1.1146,CKPTEACHITER
1838,1000,1.1265,CKPTEACHITER
1839,1000,1.1287,CKPTEACHITER
1840,1000,1.14,CKPTEACHITER
1841,1000,1.1326,CKPTEACHITER
1842,1000,1.1355,CKPTEACHITER
1843,1000,1.1213,CKPTEACHITER
1844,1000,1.1256,CKPTEACHITER
1845,1000,1.1129,CKPTEACHITER
1846,1000,1.1337,CKPTEACHITER
1847,1000,1.145,CKPTEACHITER
1848,1000,1.1294,CKPTEACHITER
1849,1000,1.1246,CKPTEACHITER
1850,1000,1.1159,CKPTEACHITER
1851,1000,1.1257,CKPTEACHITER
1852,1000,1.1329,CKPTEACHITER
1853,1000,1.1182,CKPTEACHITER
1854,1000,1.1223,CKPTEACHITER
1855,1000,1.1179,CKPTEACHITER
1856,1000,1.1371,CKPTEACHITER
1857,1000,1.1428,CKPTEACHITER
1858,1000,1.1224,CKPTEACHITER
1859,1000,1.126,CKPTEACHITER
1860,1000,1.1245,CKPTEACHITER
1861,1000,1.1319,CKPTEACHITER
1862,1000,1.1282,CKPTEACHITER
1863,1000,1.1178,CKPTEACHITER
1864,1000,1.11,CKPTEACHITER
1865,1000,1.1291,CKPTEACHITER
1866,1000,1.1404,CKPTEACHITER
1867,1000,1.1294,CKPTEACHITER
1868,1000,1.1258,CKPTEACHITER
1869,1000,1.1221,CKPTEACHITER
1870,1000,1.114,CKPTEACHITER
1871,1000,1.1198,CKPTEACHITER
1872,1000,1.1281,CKPTEACHITER
1873,1000,1.1065,CKPTEACHITER
1874,1000,1.1252,CKPTEACHITER
1875,1000,1.1225,CKPTEACHITER
1876,1000,1.1184,CKPTEACHITER
1877,1000,1.1166,CKPTEACHITER
1878,1000,1.1207,CKPTEACHITER
1879,1000,1.1087,CKPTEACHITER
1880,1000,1.1195,CKPTEACHITER
1881,1000,1.137,CKPTEACHITER
1882,1000,1.1242,CKPTEACHITER
1883,1000,1.1134,CKPTEACHITER
1884,1000,1.1387,CKPTEACHITER
1885,1000,1.1153,CKPTEACHITER
1886,1000,1.1256,CKPTEACHITER
1887,1000,1.1229,CKPTEACHITER
1888,1000,1.1116,CKPTEACHITER
1889,1000,1.1388,CKPTEACHITER
1890,1000,1.1232,CKPTEACHITER
1891,1000,1.1255,CKPTEACHITER
1892,1000,1.1027,CKPTEACHITER
1893,1000,1.1168,CKPTEACHITER
1894,1000,1.1238,CKPTEACHITER
1895,1000,1.118,CKPTEACHITER
1896,1000,1.1229,CKPTEACHITER
1897,1000,1.1302,CKPTEACHITER
1898,1000,1.1354,CKPTEACHITER
1899,1000,1.1396,CKPTEACHITER
1900,1000,1.1093,CKPTEACHITER
1901,1000,1.0415,CKPTYDAVE
1902,1000,1.0413,CKPTYDAVE
1903,1000,1.0383,CKPTYDAVE
1904,1000,1.0475,CKPTYDAVE
1905,1000,1.0492,CKPTYDAVE
1906,1000,1.0375,CKPTYDAVE
1907,1000,1.0394,CKPTYDAVE
1908,1000,1.0396,CKPTYDAVE
1909,1000,1.0312,CKPTYDAVE
1910,1000,1.0448,CKPTYDAVE
1911,1000,1.0339,CKPTYDAVE
1912,1000,1.0419,CKPTYDAVE
1913,1000,1.0446,CKPTYDAVE
1914,1000,1.0359,CKPTYDAVE
1915,1000,1.0314,CKPTYDAVE
1916,1000,1.04,CKPTYDAVE
1917,1000,1.0399,CKPTYDAVE
1918,1000,1.0407,CKPTYDAVE
1919,1000,1.0411,CKPTYDAVE
1920,1000,1.0394,CKPTYDAVE
1921,1000,1.0393,CKPTYDAVE
1922,1000,1.0397,CKPTYDAVE
1923,1000,1.0371,CKPTYDAVE
1924,1000,1.0423,CKPTYDAVE
1925,1000,1.0459,CKPTYDAVE
1926,1000,1.0369,CKPTYDAVE
1927,1000,1.0373,CKPTYDAVE
1928,1000,1.0454,CKPTYDAVE
1929,1000,1.0449,CKPTYDAVE
1930,1000,1.0473,CKPTYDAVE
1931,1000,1.0347,CKPTYDAVE
1932,1000,1.048,CKPTYDAVE
1933,1000,1.0393,CKPTYDAVE
1934,1000,1.0409,CKPTYDAVE
1935,1000,1.0439,CKPTYDAVE
1936,1000,1.0355,CKPTYDAVE
1937,1000,1.0417,CKPTYDAVE
1938,1000,1.0352,CKPTYDAVE
1939,1000,1.0466,CKPTYDAVE
1940,1000,1.0403,CKPTYDAVE
1941,1000,1.0513,CKPTYDAVE
1942,1000,1.0463,CKPTYDAVE
1943,1000,1.0387,CKPTYDAVE
1944,1000,1.0421,CKPTYDAVE
1945,1000,1.0368,CKPTYDAVE
1946,1000,1.049,CKPTYDAVE
1947,1000,1.0422,CKPTYDAVE
1948,1000,1.0433,CKPTYDAVE
1949,1000,1.0418,CKPTYDAVE
1950,1000,1.0435,CKPTYDAVE
1951,1000,1.0422,CKPTYDAVE
1952,1000,1.0402,CKPTYDAVE
1953,1000,1.0366,CKPTYDAVE
1954,1000,1.0388,CKPTYDAVE
1955,1000,1.0372,CKPTYDAVE
1956,1000,1.0453,CKPTYDAVE
1957,1000,1.0415,CKPTYDAVE
1958,1000,1.0362,CKPTYDAVE
1959,1000,1.0431,CKPTYDAVE
1960,1000,1.0368,CKPTYDAVE
1961,1000,1.0438,CKPTYDAVE
1962,1000,1.0427,CKPTYDAVE
1963,1000,1.0485,CKPTYDAVE
1964,1000,1.0449,CKPTYDAVE
1965,1000,1.0425,CKPTYDAVE
1966,1000,1.0398,CKPTYDAVE
1967,1000,1.0418,CKPTYDAVE
1968,1000,1.043,CKPTYDAVE
1969,1000,1.0445,CKPTYDAVE
1970,1000,1.0344,CKPTYDAVE
1971,1000,1.0438,CKPTYDAVE
1972,1000,1.0472,CKPTYDAVE
1973,1000,1.035,CKPTYDAVE
1974,1000,1.0431,CKPTYDAVE
1975,1000,1.0388,CKPTYDAVE
1976,1000,1.0374,CKPTYDAVE
1977,1000,1.0325,CKPTYDAVE
1978,1000,1.0401,CKPTYDAVE
1979,1000,1.0453,CKPTYDAVE
1980,1000,1.0418,CKPTYDAVE
1981,1000,1.0487,CKPTYDAVE
1982,1000,1.0392,CKPTYDAVE
1983,1000,1.035,CKPTYDAVE
1984,1000,1.0413,CKPTYDAVE
1985,1000,1.046,CKPTYDAVE
1986,1000,1.0428,CKPTYDAVE
1987,1000,1.0426,CKPTYDAVE
1988,1000,1.0455,CKPTYDAVE
1989,1000,1.0398,CKPTYDAVE
1990,1000,1.0306,CKPTYDAVE
1991,1000,1.0353,CKPTYDAVE
1992,1000,1.0398,CKPTYDAVE
1993,1000,1.0384,CKPTYDAVE
1994,1000,1.0348,CKPTYDAVE
1995,1000,1.0348,CKPTYDAVE
1996,1000,1.0452,CKPTYDAVE
1997,1000,1.0455,CKPTYDAVE
1998,1000,1.045,CKPTYDAVE
1999,1000,1.0469,CKPTYDAVE
2000,1000,1.0345,CKPTYDAVE
